Ref,Val,Package,PosX,PosY,Rot,Side
"C23","0.1uF","C_0402_1005Metric",231.238955,-168.332732,0.000000,bottom
"C111","1uF","C_0402_1005Metric",136.860545,-161.241142,-90.000000,bottom
"C112","1uF","C_0402_1005Metric",137.568045,-174.916142,-90.000000,bottom
"C113","1uF","C_0402_1005Metric",137.450545,-188.666142,-90.000000,bottom
"C115","1uF","C_0402_1005Metric",136.850545,-163.491142,90.000000,bottom
"C116","1uF","C_0402_1005Metric",137.588045,-177.156142,90.000000,bottom
"C117","1uF","C_0402_1005Metric",137.460545,-190.956142,90.000000,bottom
"C118","1uF","C_0402_1005Metric",137.860545,-155.876142,-90.000000,bottom
"C119","1uF","C_0402_1005Metric",137.630545,-169.816142,-90.000000,bottom
"C120","1uF","C_0402_1005Metric",137.810545,-182.886142,-90.000000,bottom
"C122","1uF","C_0402_1005Metric",137.860545,-158.136142,90.000000,bottom
"C156","1uF","C_0402_1005Metric",137.628045,-172.081142,90.000000,bottom
"C157","1uF","C_0402_1005Metric",137.820545,-185.141142,90.000000,bottom
"C159","1uF","C_0402_1005Metric",142.550545,-162.736142,90.000000,bottom
"C160","1uF","C_0402_1005Metric",142.320545,-175.936142,90.000000,bottom
"C161","1uF","C_0402_1005Metric",142.240545,-190.941142,90.000000,bottom
"C162","1uF","C_0402_1005Metric",143.550545,-162.736142,90.000000,bottom
"C163","1uF","C_0402_1005Metric",143.350545,-176.586142,90.000000,bottom
"C164","1uF","C_0402_1005Metric",143.320545,-190.941142,90.000000,bottom
"C168","0.1uF","C_0402_1005Metric",154.690000,-153.465000,-90.000000,bottom
"C169","0.1uF","C_0402_1005Metric",152.220000,-166.390000,-90.000000,bottom
"C170","0.1uF","C_0402_1005Metric",152.040000,-180.260000,-90.000000,bottom
"C174","1uF","C_0402_1005Metric",153.630000,-153.465000,-90.000000,bottom
"C175","1uF","C_0402_1005Metric",153.265000,-166.390000,-90.000000,bottom
"C176","1uF","C_0402_1005Metric",153.085000,-180.260000,-90.000000,bottom
"C177","100uF","C_1206_3216Metric",156.440000,-153.465000,-90.000000,bottom
"C178","100uF","C_1206_3216Metric",142.945545,-167.066142,-90.000000,bottom
"C179","100uF","C_1206_3216Metric",154.740545,-179.986142,-90.000000,bottom
"C180","1uF","C_0402_1005Metric",158.910545,-185.176142,-90.000000,bottom
"C181","1uF","C_0402_1005Metric",158.610545,-171.361142,-90.000000,bottom
"C182","1uF","C_0402_1005Metric",159.043045,-153.501142,-90.000000,bottom
"C183","1uF","C_0402_1005Metric",158.910545,-187.476142,90.000000,bottom
"C184","1uF","C_0402_1005Metric",158.610545,-173.621142,90.000000,bottom
"C185","1uF","C_0402_1005Metric",159.053045,-155.781142,90.000000,bottom
"C186","1uF","C_0402_1005Metric",161.413045,-190.061142,-90.000000,bottom
"C187","1uF","C_0402_1005Metric",179.700545,-173.668642,90.000000,bottom
"C188","1uF","C_0402_1005Metric",156.823045,-159.346142,-90.000000,bottom
"C189","1uF","C_0402_1005Metric",161.403045,-192.321142,90.000000,bottom
"C190","1uF","C_0402_1005Metric",179.700545,-171.398642,-90.000000,bottom
"C191","1uF","C_0402_1005Metric",156.813045,-161.626142,90.000000,bottom
"C192","1uF","C_0402_1005Metric",164.830545,-184.086142,90.000000,bottom
"C193","1uF","C_0402_1005Metric",176.630545,-169.706142,180.000000,bottom
"C194","1uF","C_0402_1005Metric",164.030545,-153.406142,90.000000,bottom
"C195","1uF","C_0402_1005Metric",163.720545,-184.086142,90.000000,bottom
"C196","1uF","C_0402_1005Metric",164.900545,-171.356142,90.000000,bottom
"C197","1uF","C_0402_1005Metric",165.020545,-153.406142,90.000000,bottom
"C201","0.1uF","C_0402_1005Metric",174.758545,-193.456142,90.000000,bottom
"C202","0.1uF","C_0402_1005Metric",174.760000,-180.380000,90.000000,bottom
"C203","0.1uF","C_0402_1005Metric",174.720000,-166.590000,90.000000,bottom
"C207","1uF","C_0402_1005Metric",173.688545,-193.456142,90.000000,bottom
"C208","1uF","C_0402_1005Metric",173.670000,-180.380000,90.000000,bottom
"C209","1uF","C_0402_1005Metric",173.665000,-166.590000,90.000000,bottom
"C210","100uF","C_1206_3216Metric",176.548545,-194.792142,90.000000,bottom
"C211","100uF","C_1206_3216Metric",176.410545,-180.601142,90.000000,bottom
"C212","100uF","C_1206_3216Metric",176.400545,-166.726142,90.000000,bottom
"C213","1uF","C_0402_1005Metric",206.540545,-160.716142,90.000000,bottom
"C214","1uF","C_0402_1005Metric",182.410545,-171.156142,-90.000000,bottom
"C215","1uF","C_0402_1005Metric",179.693045,-185.696142,-90.000000,bottom
"C216","1uF","C_0402_1005Metric",206.540545,-158.436142,-90.000000,bottom
"C217","1uF","C_0402_1005Metric",182.410545,-173.436142,90.000000,bottom
"C218","1uF","C_0402_1005Metric",179.713045,-187.996142,90.000000,bottom
"C219","1uF","C_0402_1005Metric",180.400545,-158.376142,-90.000000,bottom
"C220","1uF","C_0402_1005Metric",202.039294,-173.489891,90.000000,bottom
"C221","1uF","C_0402_1005Metric",179.713045,-190.506142,-90.000000,bottom
"C222","1uF","C_0402_1005Metric",180.410545,-160.656142,90.000000,bottom
"C223","1uF","C_0402_1005Metric",202.019294,-171.209891,-90.000000,bottom
"C224","1uF","C_0402_1005Metric",179.693045,-192.806142,90.000000,bottom
"C225","1uF","C_0402_1005Metric",185.830545,-160.866142,90.000000,bottom
"C226","1uF","C_0402_1005Metric",198.370545,-175.366142,180.000000,bottom
"C227","1uF","C_0402_1005Metric",185.020545,-191.656142,90.000000,bottom
"C228","1uF","C_0402_1005Metric",201.663045,-160.751142,-90.000000,bottom
"C229","1uF","C_0402_1005Metric",185.930545,-176.236142,90.000000,bottom
"C230","1uF","C_0402_1005Metric",186.090545,-191.666142,90.000000,bottom
"C234","0.1uF","C_0402_1005Metric",195.009545,-153.380142,-90.000000,bottom
"C235","0.1uF","C_0402_1005Metric",196.150545,-166.696142,-90.000000,bottom
"C236","0.1uF","C_0402_1005Metric",195.020000,-180.380000,-90.000000,bottom
"C240","1uF","C_0402_1005Metric",196.094545,-153.380142,-90.000000,bottom
"C241","1uF","C_0402_1005Metric",195.120545,-166.686142,-90.000000,bottom
"C242","1uF","C_0402_1005Metric",196.050000,-180.380000,-90.000000,bottom
"C243","100uF","C_1206_3216Metric",197.944545,-152.328142,-90.000000,bottom
"C244","100uF","C_1206_3216Metric",198.000545,-166.716142,-90.000000,bottom
"C245","100uF","C_1206_3216Metric",197.710545,-180.576142,-90.000000,bottom
"C246","1uF","C_0402_1005Metric",226.438045,-190.788642,90.000000,bottom
"C247","1uF","C_0402_1005Metric",226.420545,-177.048642,90.000000,bottom
"C248","1uF","C_0402_1005Metric",226.358045,-163.168642,90.000000,bottom
"C249","1uF","C_0402_1005Metric",226.418045,-188.518642,-90.000000,bottom
"C250","1uF","C_0402_1005Metric",226.420545,-174.828642,-90.000000,bottom
"C251","1uF","C_0402_1005Metric",226.338045,-160.898642,-90.000000,bottom
"C252","1uF","C_0402_1005Metric",226.418045,-185.868642,90.000000,bottom
"C253","1uF","C_0402_1005Metric",226.400545,-172.138642,90.000000,bottom
"C254","1uF","C_0402_1005Metric",226.338045,-158.268642,90.000000,bottom
"C255","1uF","C_0402_1005Metric",226.438045,-183.598642,-90.000000,bottom
"C256","1uF","C_0402_1005Metric",226.400545,-169.848642,-90.000000,bottom
"C257","1uF","C_0402_1005Metric",226.318045,-155.968642,-90.000000,bottom
"C258","1uF","C_0402_1005Metric",220.540545,-186.016142,-90.000000,bottom
"C259","1uF","C_0402_1005Metric",219.945545,-171.991142,-90.000000,bottom
"C260","1uF","C_0402_1005Metric",220.940545,-157.066142,-90.000000,bottom
"C261","1uF","C_0402_1005Metric",219.490545,-186.016142,-90.000000,bottom
"C262","1uF","C_0402_1005Metric",221.000545,-171.991142,-90.000000,bottom
"C263","1uF","C_0402_1005Metric",219.940545,-157.066142,-90.000000,bottom
"C267","0.1uF","C_0402_1005Metric",217.992545,-193.969142,90.000000,bottom
"C268","0.1uF","C_0402_1005Metric",217.440545,-180.496142,90.000000,bottom
"C269","0.1uF","C_0402_1005Metric",217.425545,-166.656142,90.000000,bottom
"C273","1uF","C_0402_1005Metric",216.922545,-193.964142,90.000000,bottom
"C274","1uF","C_0402_1005Metric",216.340545,-180.496142,90.000000,bottom
"C275","1uF","C_0402_1005Metric",216.320545,-166.656142,90.000000,bottom
"C276","100uF","C_1206_3216Metric",219.732545,-193.969142,90.000000,bottom
"C277","100uF","C_1206_3216Metric",219.370545,-180.476142,90.000000,bottom
"C278","100uF","C_1206_3216Metric",219.370545,-166.706142,90.000000,bottom
"LOGO1","256 Foundation Logo","256foundation_logo",161.740000,-141.940000,180.000000,bottom
"R12","33","R_0402_1005Metric",201.410545,-184.306142,180.000000,bottom
"R13","33","R_0402_1005Metric",201.410545,-185.266142,180.000000,bottom
"R14","33","R_0402_1005Metric",201.410545,-186.226142,180.000000,bottom
"R15","33","R_0402_1005Metric",201.410545,-187.186142,180.000000,bottom
"R16","33","R_0402_1005Metric",201.410545,-188.146142,180.000000,bottom
"R17","2k","R_0402_1005Metric",205.520545,-188.141142,0.000000,bottom
"R18","10k","R_0402_1005Metric",220.100545,-160.636142,90.000000,bottom
"R56","2k","R_0402_1005Metric",143.320545,-188.566142,-90.000000,bottom
"R57","33","R_0402_1005Metric",137.904545,-180.046142,-90.000000,bottom
"R58","33","R_0402_1005Metric",138.908545,-180.046142,-90.000000,bottom
"R59","33","R_0402_1005Metric",139.912545,-180.046142,-90.000000,bottom
"R60","33","R_0402_1005Metric",140.916545,-180.046142,-90.000000,bottom
"R62","33","R_0402_1005Metric",141.920545,-180.046142,-90.000000,bottom
"R63","33","R_0402_1005Metric",155.720545,-171.426142,180.000000,bottom
"R64","1k","R_0402_1005Metric",134.670545,-161.241142,90.000000,bottom
"R65","33","R_0402_1005Metric",155.720545,-172.432142,180.000000,bottom
"R66","1k","R_0402_1005Metric",164.145545,-182.191142,180.000000,bottom
"R67","1k","R_0402_1005Metric",177.420545,-157.591142,-90.000000,bottom
"R68","1k","R_0402_1005Metric",206.245545,-185.016142,180.000000,bottom
"R75","33","R_0402_1005Metric",155.720545,-173.438142,180.000000,bottom
"R79","33","R_0402_1005Metric",155.720545,-174.444142,180.000000,bottom
"R83","33","R_0402_1005Metric",155.720545,-175.450142,180.000000,bottom
"R85","2k","R_0402_1005Metric",154.920545,-168.391142,90.000000,bottom
"R86","2k","R_0402_1005Metric",135.770545,-161.241142,-90.000000,bottom
"R87","2k","R_0402_1005Metric",176.770545,-176.541142,-90.000000,bottom
"R88","33","R_0402_1005Metric",177.280545,-189.950142,0.000000,bottom
"R89","33","R_0402_1005Metric",177.280545,-188.932142,0.000000,bottom
"R90","33","R_0402_1005Metric",177.280545,-187.914142,0.000000,bottom
"R91","33","R_0402_1005Metric",177.280545,-186.896142,0.000000,bottom
"R92","33","R_0402_1005Metric",177.280545,-185.878142,0.000000,bottom
"R93","33","R_0402_1005Metric",163.450545,-161.522142,0.000000,bottom
"R94","33","R_0402_1005Metric",155.300545,-182.956142,180.000000,bottom
"R95","33","R_0402_1005Metric",163.450545,-160.508142,0.000000,bottom
"R96","33","R_0402_1005Metric",155.300545,-183.958142,180.000000,bottom
"R97","33","R_0402_1005Metric",163.450545,-159.494142,0.000000,bottom
"R98","33","R_0402_1005Metric",155.300545,-184.960142,180.000000,bottom
"R99","33","R_0402_1005Metric",163.450545,-158.480142,0.000000,bottom
"R100","33","R_0402_1005Metric",155.300545,-185.962142,180.000000,bottom
"R101","33","R_0402_1005Metric",163.450545,-157.466142,0.000000,bottom
"R102","33","R_0402_1005Metric",155.300545,-186.964142,180.000000,bottom
"R103","2k","R_0402_1005Metric",163.670545,-164.041142,0.000000,bottom
"R104","2k","R_0402_1005Metric",155.770545,-190.291142,-90.000000,bottom
"R105","2k","R_0402_1005Metric",185.580545,-189.816142,180.000000,bottom
"R106","33","R_0402_1005Metric",185.560545,-188.498142,0.000000,bottom
"R107","33","R_0402_1005Metric",185.560545,-187.496142,0.000000,bottom
"R108","33","R_0402_1005Metric",185.560545,-186.494142,0.000000,bottom
"R109","33","R_0402_1005Metric",185.560545,-185.492142,0.000000,bottom
"R110","33","R_0402_1005Metric",185.560545,-184.490142,0.000000,bottom
"R111","33","R_0402_1005Metric",199.040545,-159.748142,0.000000,bottom
"R112","33","R_0402_1005Metric",176.870545,-163.416142,180.000000,bottom
"R113","33","R_0402_1005Metric",199.030545,-158.760142,0.000000,bottom
"R114","33","R_0402_1005Metric",176.870545,-162.406142,180.000000,bottom
"R115","33","R_0402_1005Metric",199.030545,-157.752142,0.000000,bottom
"R116","33","R_0402_1005Metric",176.870545,-161.396142,180.000000,bottom
"R117","33","R_0402_1005Metric",199.030545,-156.744142,0.000000,bottom
"R118","33","R_0402_1005Metric",176.870545,-160.386142,180.000000,bottom
"R119","33","R_0402_1005Metric",199.030545,-155.736142,0.000000,bottom
"R120","33","R_0402_1005Metric",176.870545,-159.386142,180.000000,bottom
"R121","2k","R_0402_1005Metric",199.040545,-169.666142,0.000000,bottom
"R122","2k","R_0402_1005Metric",179.240545,-161.686142,90.000000,bottom
"R123","2k","R_0402_1005Metric",220.495545,-173.741142,180.000000,bottom
"R124","33","R_0402_1005Metric",225.346545,-180.266142,90.000000,bottom
"R125","33","R_0402_1005Metric",224.342545,-180.266142,90.000000,bottom
"R126","33","R_0402_1005Metric",223.338545,-180.266142,90.000000,bottom
"R127","33","R_0402_1005Metric",222.334545,-180.266142,90.000000,bottom
"R128","33","R_0402_1005Metric",221.330545,-180.266142,90.000000,bottom
"R129","33","R_0402_1005Metric",206.970545,-173.296142,180.000000,bottom
"R130","33","R_0402_1005Metric",206.970545,-174.304142,180.000000,bottom
"R131","33","R_0402_1005Metric",206.970545,-175.312142,180.000000,bottom
"R132","33","R_0402_1005Metric",206.970545,-176.320142,180.000000,bottom
"R133","33","R_0402_1005Metric",206.970545,-177.328142,180.000000,bottom
"R134","2k","R_0402_1005Metric",207.520545,-164.541142,-90.000000,bottom
"R135","33","R_0402_1005Metric",236.270545,-163.066142,0.000000,bottom
"R136","33","R_0402_1005Metric",236.270545,-161.766142,0.000000,bottom
"R137","33","R_0402_1005Metric",230.070545,-162.666142,-90.000000,bottom
"R138","33","R_0402_1005Metric",236.270545,-160.416142,0.000000,bottom
"U5","25MHz","SMD3225-4P",231.250545,-165.926142,180.000000,bottom
"U28","MCP1824T-1202E/OT","SOT-23-5",139.240545,-162.333642,-90.000000,bottom
"U29","MCP1824T-1202E/OT","SOT-23-5",139.890545,-176.048642,-90.000000,bottom
"U30","MCP1824T-1202E/OT","SOT-23-5",139.760545,-189.808642,-90.000000,bottom
"U32","MCP1824T-0802E","SOT-23-5",140.330545,-157.033642,-90.000000,bottom
"U42","MCP1824T-0802E","SOT-23-5",139.910545,-170.958642,-90.000000,bottom
"U43","MCP1824T-0802E","SOT-23-5",140.120545,-184.018642,-90.000000,bottom
"U48","MCP1824T-1202E/OT","SOT-23-5",161.218045,-186.313642,-90.000000,bottom
"U49","MCP1824T-1202E/OT","SOT-23-5",160.940545,-172.498642,-90.000000,bottom
"U50","MCP1824T-1202E/OT","SOT-23-5",161.340545,-154.638642,-90.000000,bottom
"U51","MCP1824T-0802E","SOT-23-5",163.720545,-191.213642,-90.000000,bottom
"U52","MCP1824T-0802E","SOT-23-5",177.430545,-172.526142,90.000000,bottom
"U53","MCP1824T-0802E","SOT-23-5",159.110545,-160.498642,-90.000000,bottom
"U57","MCP1824T-1202E/OT","SOT-23-5",204.223045,-159.578642,90.000000,bottom
"U58","MCP1824T-1202E/OT","SOT-23-5",184.720545,-172.303642,-90.000000,bottom
"U59","MCP1824T-1202E/OT","SOT-23-5",182.020545,-186.863642,-90.000000,bottom
"U60","MCP1824T-0802E","SOT-23-5",182.718045,-159.518642,-90.000000,bottom
"U61","MCP1824T-0802E","SOT-23-5",199.729294,-172.357391,90.000000,bottom
"U62","MCP1824T-0802E","SOT-23-5",182.020545,-191.668642,-90.000000,bottom
"U66","MCP1824T-1202E/OT","SOT-23-5",224.090545,-189.628642,90.000000,bottom
"U67","MCP1824T-1202E/OT","SOT-23-5",224.090545,-175.918642,90.000000,bottom
"U68","MCP1824T-1202E/OT","SOT-23-5",224.050545,-162.028642,90.000000,bottom
"U69","MCP1824T-0802E","SOT-23-5",224.090545,-184.728642,90.000000,bottom
"U70","MCP1824T-0802E","SOT-23-5",224.090545,-171.018642,90.000000,bottom
"U71","MCP1824T-0802E","SOT-23-5",224.050545,-157.128642,90.000000,bottom
"C1","0.022uF","C_0402_1005Metric",176.250000,-97.000000,0.000000,top
"C2","0.1uF","C_0805_2012Metric",170.890000,-94.360000,-90.000000,top
"C3","4.7uF","C_0805_2012Metric",162.040000,-94.470000,90.000000,top
"C4","100uF","PCAP_SVP_E7_PAN",174.992300,-104.730000,0.000000,top
"C7","4.7nF","C_0402_1005Metric",174.880000,-113.610000,0.000000,top
"C8","1uF","C_0402_1005Metric",170.540000,-114.370000,0.000000,top
"C9","4.7uF","C_0402_1005Metric",168.533398,-115.448045,0.000000,top
"C10","1uF","C_0402_1005Metric",174.910000,-114.660000,0.000000,top
"C11","2.2nF","C_0402_1005Metric",174.920000,-115.710000,0.000000,top
"C12","1uF","C_0402_1005Metric",168.270000,-125.440000,-90.000000,top
"C13","0.1uF","C_0402_1005Metric",169.510000,-125.440000,-90.000000,top
"C14","1000pF","C_0805_2012Metric",185.110000,-121.460000,0.000000,top
"C15","100pF","C_0402_1005Metric",165.530000,-118.880000,0.000000,top
"C16","68uF","C_1206_3216Metric",189.355000,-135.770000,180.000000,top
"C17","68uF","C_1206_3216Metric",189.355000,-133.266000,180.000000,top
"C18","68uF","C_1206_3216Metric",189.355000,-130.762000,180.000000,top
"C19","68uF","C_1206_3216Metric",189.355000,-128.258000,180.000000,top
"C20","68uF","C_1206_3216Metric",189.355000,-125.754000,180.000000,top
"C21","0.1uF","C_0402_1005Metric",230.300000,-139.360000,90.000000,top
"C22","0.1uF","C_0402_1005Metric",231.580000,-137.670000,180.000000,top
"C24","0.1uF","C_0402_1005Metric",129.375000,-180.241142,180.000000,top
"C25","68uF","C_1206_3216Metric",189.355000,-123.250000,180.000000,top
"C26","1uF","C_0402_1005Metric",229.890000,-98.640000,180.000000,top
"C27","22uF","C_1210_3225Metric",157.665000,-118.745000,180.000000,top
"C28","22uF","C_1210_3225Metric",157.665000,-104.990000,180.000000,top
"C29","22uF","C_1210_3225Metric",157.665000,-101.551250,180.000000,top
"C30","22uF","C_1210_3225Metric",157.665000,-98.112500,180.000000,top
"C31","22uF","C_1210_3225Metric",174.775000,-111.100000,0.000000,top
"C32","0.1uF","C_0402_1005Metric",227.220000,-143.290000,0.000000,top
"C33","100pF","C_0402_1005Metric",226.110000,-147.785732,180.000000,top
"C34","22uF","C_1210_3225Metric",157.665000,-115.306250,180.000000,top
"C35","22uF","C_1210_3225Metric",157.665000,-111.867500,180.000000,top
"C36","22uF","C_1210_3225Metric",157.665000,-108.428750,180.000000,top
"C37","47uF","C_1210_3225Metric",189.395000,-145.640000,0.000000,top
"C38","47uF","C_1210_3225Metric",189.285000,-138.760000,0.000000,top
"C39","47uF","C_1210_3225Metric",189.285000,-142.210000,0.000000,top
"C90","1uF","C_0402_1005Metric",227.709411,-90.850589,-135.000000,top
"C96","30pF","C_0402_1005Metric",223.670807,-105.330000,-90.000000,top
"C97","30pF","C_0402_1005Metric",218.900807,-104.185000,90.000000,top
"C98","1uF","C_0402_1005Metric",238.138700,-93.240000,90.000000,top
"C99","0.1uF","C_0402_1005Metric",217.570000,-89.550000,0.000000,top
"C100","0.1uF","C_0402_1005Metric",219.800807,-90.770000,0.000000,top
"C101","0.1uF","C_0402_1005Metric",225.718700,-91.325000,180.000000,top
"C102","1uF","C_0402_1005Metric",225.100807,-105.320000,90.000000,top
"C103","1uF","C_0402_1005Metric",227.500000,-98.000000,180.000000,top
"C104","0.1uF","C_0402_1005Metric",227.420000,-93.870000,180.000000,top
"C105","0.1uF","C_0402_1005Metric",225.450000,-102.980000,90.000000,top
"C106","0.1uF","C_0402_1005Metric",226.790000,-102.930000,90.000000,top
"C107","0.1uF","C_0402_1005Metric",214.720000,-98.940000,90.000000,top
"C108","0.1uF","C_0402_1005Metric",226.843700,-92.400000,180.000000,top
"C109","0.1uF","C_0402_1005Metric",216.602500,-94.117500,0.000000,top
"C110","0.1uF","C_0402_1005Metric",219.800807,-89.770000,0.000000,top
"D1","SMBJ30CA","D_SMB",175.807500,-92.780000,180.000000,top
"D5","SMAJ6.0A","D_SMB",234.222500,-87.300000,0.000000,top
"EXTRA1","70x90mm Heatsink","70x90mm_heatsink",171.080000,-174.540000,0.000000,top
"FID1","Fiducial","Fiducial_1mm_Mask2mm",124.510000,-95.510000,0.000000,top
"FID2","Fiducial","Fiducial_1mm_Mask2mm",126.760000,-194.510000,0.000000,top
"FID3","Fiducial","Fiducial_1mm_Mask2mm",231.410000,-197.610000,0.000000,top
"J1","Screw Terminal","7790-RA-screw-terminal",166.450000,-86.000000,-90.000000,top
"J2","Screw Terminal","7790-RA-screw-terminal",187.016378,-86.000000,-90.000000,top
"J3","Conn_01x01","5x9_powertab",148.880545,-166.636142,0.000000,top
"J4","Conn_01x01","5x9_powertab",148.880545,-180.326142,0.000000,top
"J5","Conn_01x01","5x9_powertab",170.410545,-180.336142,0.000000,top
"J6","USB_C_Receptacle_USB2.0","USB_C_Receptacle_GCT_USB4105-xx-A_16P_TopMnt_Horizontal",221.948700,-82.390000,180.000000,top
"J7","Conn_01x01","5x9_powertab",170.420545,-166.656142,0.000000,top
"J8","Conn_01x01","5x9_powertab",191.920545,-166.656142,0.000000,top
"J9","Conn_01x01","5x9_powertab",191.920545,-180.346142,0.000000,top
"J10","Conn_01x01","5x9_powertab",213.470545,-180.436142,0.000000,top
"J11","Conn_01x01","5x9_powertab",213.470545,-166.746142,0.000000,top
"J20","Conn_01x06","PinHeader_1x08_P2.54mm_Vertical",146.090000,-88.180000,-90.000000,top
"L1","740nH","IND_XAL1580-741MED",178.470000,-130.725900,-90.000000,top
"NT1","NetTie_2","NetTie-0.25mm",168.040000,-119.690000,180.000000,top
"Q1","NVMFS5C645NLAFT1G","DIO_NTS1045EMFST1G",166.490500,-96.203000,-90.000000,top
"R1","4.7k","R_0402_1005Metric",228.540000,-105.380000,90.000000,top
"R2","1k","R_0402_1005Metric",230.380000,-104.970000,180.000000,top
"R4","10k","R_0402_1005Metric",168.520000,-114.360000,0.000000,top
"R5","10k","R_0402_1005Metric",226.760000,-105.360000,90.000000,top
"R6","10","R_0402_1005Metric",171.690000,-115.580000,180.000000,top
"R7","1","R_0805_2012Metric",188.060000,-120.272500,90.000000,top
"R8","49.9","R_0402_1005Metric",164.930000,-120.410000,90.000000,top
"R9","49.9","R_0402_1005Metric",166.060000,-120.410000,-90.000000,top
"R19","4.7k","R_0402_1005Metric",215.690000,-102.710000,-90.000000,top
"R20","4.7k","R_0402_1005Metric",214.310000,-102.680000,90.000000,top
"R34","49.9k","R_0402_1005Metric",209.860000,-90.070000,90.000000,top
"R35","10k","R_0402_1005Metric",227.210000,-142.070000,0.000000,top
"R50","10k","R_0402_1005Metric",212.630000,-90.070000,-90.000000,top
"R51","5.1k","R_0402_1005Metric",228.188700,-83.400000,90.000000,top
"R52","5.1k","R_0402_1005Metric",215.808700,-83.410000,90.000000,top
"R53","33","R_0402_1005Metric",222.550807,-90.270000,-90.000000,top
"R54","33","R_0402_1005Metric",223.650807,-90.270000,-90.000000,top
"R55","1k","R_0402_1005Metric",211.270000,-90.080000,90.000000,top
"R61","49.9","R_0402_1005Metric",226.650000,-149.495732,90.000000,top
"R69","1k","R_0402_1005Metric",236.030000,-148.190000,-90.000000,top
"R70","49.9","R_0402_1005Metric",225.580000,-149.505732,90.000000,top
"SW1","GT-TC029B-H025-L1N","SW_CS1213AGF260_CRS",212.210000,-86.040000,90.000000,top
"SW2","GT-TC029B-H025-L1N","SW_CS1213AGF260_CRS",205.310000,-86.040000,90.000000,top
"U1","AP74700Q","SOT-23-6",172.722500,-97.870000,180.000000,top
"U2","TPS546D24S","LQFN40-CLIP",171.060000,-119.450000,90.000000,top
"U3","TPS22919DCKR","DCK0006A_N",230.289999,-101.884998,-90.000000,top
"U4","SN74AVC4T774","TSSOP-16_4.4x5mm_P0.65mm",233.725000,-142.632500,90.000000,top
"U6","TMP1075","HVSSOP-8_3x3mm_P0.65mm",128.525000,-176.401142,-90.000000,top
"U8","W25Q16JVUXIQ TR","USON-8_UX_2x3x0p6_WIN",215.713007,-91.579999,0.000000,top
"U9","SK6812","LED-SMD_4P-L4.0-W1.6-L",232.680000,-83.880000,180.000000,top
"U10","TLV1117LV33DCYR","VREG_TLV1117LV33DCYR",233.898700,-94.080000,-90.000000,top
"U11","TPD1E05U06DYA","D_SOD-523",220.847500,-88.530000,180.000000,top
"U12","TPD1E05U06DYA","D_SOD-523",223.822500,-88.540000,0.000000,top
"U13","TMP451HQDQWRQ1","DQF0008A",227.130001,-145.030000,0.000000,top
"U27","RP2040","QFN-56-1EP_7x7mm_P0.4mm_EP3.2x3.2mm",222.120807,-96.997500,0.000000,top
"U45","BM1362AC_MODE1","BM1362AC",148.880545,-159.791142,0.000000,top
"U46","BM1362AC_MODE0","BM1362AC",148.880545,-173.481142,0.000000,top
"U47","BM1362AC_MODE1","BM1362AC",148.880545,-187.161142,0.000000,top
"U54","BM1362AC_MODE1","BM1362AC",170.410545,-187.171142,180.000000,top
"U55","BM1362AC_MODE0","BM1362AC",170.410545,-173.501142,180.000000,top
"U56","BM1362AC_MODE1","BM1362AC",170.430545,-159.821142,180.000000,top
"U63","BM1362AC_MODE1","BM1362AC",191.920545,-159.821142,0.000000,top
"U64","BM1362AC_MODE0","BM1362AC",191.920545,-173.501142,0.000000,top
"U65","BM1362AC_MODE1","BM1362AC",191.920545,-187.191142,0.000000,top
"U72","BM1362AC_MODE1","BM1362AC",213.470545,-187.281142,180.000000,top
"U73","BM1362AC_MODE0","BM1362AC",213.470545,-173.591142,180.000000,top
"U74","BM1362AC_MODE1","BM1362AC",213.470545,-159.911142,180.000000,top
"Y1","12MHz","XTAL_ECS-120-20-33-CKM-TR3",221.270807,-104.185000,90.000000,top
